rack,server,server_port,peer_device,peer_port
r1,gpu-node-03,be2,r1-rail2,swp3
r1,gpu-node-03,be1,r1-rail1,swp3
r1,gpu-node-02,st1,st-leaf-1a,swp2
r1,gpu-node-02,be1,r1-rail1,swp2
r1,gpu-node-03,bmc,fe-leaf-1b,swp3
r1,gpu-node-02,be6,r1-rail6,swp2
r1,gpu-node-02,fe2,fe-leaf-1b,swp2
r1,gpu-node-03,be4,r1-rail4,swp3
r1,gpu-node-01,be3,r1-rail3,swp1
r1,gpu-node-02,fe1,fe-leaf-1a,swp2
r1,gpu-node-02,be8,r1-rail8,swp2
r1,gpu-node-03,be6,r1-rail6,swp3
r1,gpu-node-01,st1,st-leaf-1a,swp1
r1,gpu-node-03,fe1,fe-leaf-1a,swp3
r1,gpu-node-02,be2,r1-rail2,swp2
r1,gpu-node-03,st1,st-leaf-1a,swp3
r1,gpu-node-03,st2,st-leaf-1b,swp3
r1,gpu-node-01,be4,r1-rail4,swp1
r1,gpu-node-03,be7,r1-rail7,swp3
r1,gpu-node-01,fe1,fe-leaf-1a,swp1
r1,gpu-node-01,st2,st-leaf-1b,swp1
r1,gpu-node-03,be3,r1-rail3,swp3
r1,gpu-node-02,be4,r1-rail4,swp2
r1,gpu-node-01,be8,r1-rail8,swp1
r1,gpu-node-01,be2,r1-rail2,swp1
r1,gpu-node-02,st2,r1-rail5,swp2
r1,gpu-node-03,fe2,fe-leaf-1b,swp3
r1,gpu-node-03,be8,r1-rail8,swp3
r1,gpu-node-02,be5,r1-rail5,swp2
r1,gpu-node-01,bmc,oob-sw-1,swp1
r1,gpu-node-01,be1,r1-rail1,swp1
r1,gpu-node-01,be5,r1-rail5,swp1
r1,gpu-node-01,be6,r1-rail6,swp1
r1,gpu-node-01,fe2,fe-leaf-1b,swp1
r1,gpu-node-03,be5,r1-rail5,swp3
r1,gpu-node-02,bmc,oob-sw-1,swp2
r1,gpu-node-01,be7,r1-rail7,swp1
r1,gpu-node-02,be7,r1-rail7,swp2
r1,gpu-node-02,be3,r1-rail3,swp2
